-1.9032548077521259, 0.43522245664535697
-3.199590498549079, 0.3021393744523593
0.8931230473543353, 0.32515717796860377
-2.2279540573559444, 0.30090400181982946
-1.6843958821577596, 0.4251263837613283
-0.058066197106121, 0.28826993638364906
-0.9321943753833148, 0.2605437370264574
-1.708277324119479, 0.4229090137360446
-4.944142452224239, 0.32826772932182324
-4.135047026208026, 0.40604209270489977
-0.015829114541560302, 0.33084874056406827
-4.4005384591699706, 0.39712082464407694
-2.091283416629, 0.11154815701094456
-1.3025748500117755, 0.41381712158488704
-2.080247007999508, 0.5533393946838558
-1.16061769930295, 0.4710401122672329
-1.2414427032962772, 0.45826806350915644
-2.8554053141027524, 0.3447400646773826
-2.7746942183805214, 0.38673695774480943
-2.782815832112527, 0.39302181179149165
-2.037159352487674, 0.37758372922042494
-0.1582753502932412, 0.28313055775094603
-2.0829815872671418, 0.3327202384978414
-2.995973189737146, 0.3513531078220813
-1.8545864310147628, 0.31969324343177175
-2.4002618742157016, 0.4519564306285859
-2.0923580272740065, 0.621838834186181
-1.0623680497406078, 0.23469106009888407
-1.6595805540936572, 0.38044921405384813
-0.5785303094404707, 0.22232645087508915
-2.253914468953168, 0.4984136902649857
-0.2184820620724917, 0.507223996101872
-0.2969670484778343, 0.20004479527936642
-0.5560026116213576, 0.5609158984823215
1.5785082350937163, 0.2560813896817236
-2.8039951214296384, 0.39132248721328433
-1.6908066676678475, 0.47752124829158216
-0.6107356830551762, 0.38131604522118845
-2.7357587164974286, 0.5982055291522688
0.346087912680918, 0.6409546370034039
-1.2634281359290376, 0.38104316887050815
-1.1244102446046806, 0.1763747111352495
-1.6849335840196376, 0.3311055835269773
-1.6785868893954077, 0.2828284723111354
-0.5008739996556, 0.2900189619128414
-1.3357697102598853, 0.25448472891751883
-1.2007936586427586, 0.3749685697006329
-1.9932131103248858, 0.578551706270923
-2.4590050319351047, 0.296705532334395
-2.4749726390821136, 0.3402478740490845
-0.5019176186637828, 0.48314104884068537
-1.4429607577086163, 0.4886255229856261
-0.15151977100434338, 0.4147210464683355
-0.25208759882177156, 0.46886768950448426
-1.3587579623788506, 0.4543875884881485
-2.8983835096935655, 0.33059776275167674
-0.5959801738818367, 0.4094706442955047
-1.737113851066843, 0.3377440871898779
-1.14018201180086, 0.27711051092613576
-2.4829350769840945, 0.43179529117626014
-0.27661197017719136, 0.37303052818059357
-1.3983119136487716, 0.3486223775776759
-1.9181534608184587, 0.39697954701743976
-2.4662026154638284, 0.46705539230306947
-2.909856054879132, 0.4080051959022801
-1.4515954305278918, 0.38682403760695383
0.12593272743208628, 0.3938796271216828
-0.6233759144870868, 0.371725834100064
-0.3041769207991928, 0.28886359644843035
-3.716066960671954, 0.44822354222230665
-0.7499481452993643, 0.5076144682355338
-2.1138522989174136, 0.3145893487732362
-1.1730606606707994, 0.5598678034023639
-2.2543121841177696, 0.3504627462914922
-0.6008589535788944, 0.3422163276409763
0.03650247008234678, 0.27623011598644953
0.056623780213326994, 0.28673720305246897
-1.8539492234903443, 0.272512379020754
-1.1882699430158767, 0.40252987494724624
-1.1694876841837776, 0.5268422687507767
-2.7849371826295375, 0.4213440622667626
-1.6571937711591516, 0.4530307769140096
-1.5633458699882896, 0.5016725433891709
-2.953653456650473, 0.11883609727990008
-0.561233942821808, 0.3497990067520025
-2.0622428982004584, 0.40329492784037735
-2.200683471675372, 0.4398700234101396
-1.1220903851207964, 0.23659217996261744
-1.5814606508894733, 0.2668840753740187
-0.19976240226175784, 0.4452785076416911
-0.21774110815528622, 0.35457412525917337
-1.4705128169892827, 0.42266580778464424
-2.0879896591361637, 0.27190042909206724
-3.951355514643682, 0.20638296173612458
-0.6987255672471965, 0.44280118797840157
-1.5529241718538276, 0.4867877119156825
-1.2830337548489705, 0.5304419821414521
0.5671988691231425, 0.2122763097343377
-0.9268428780544788, 0.2332052810287339
0.42886218848891816, 0.21824166941373907
-2.206097313120705, 0.3639288598635835
-0.47771066704640114, 0.3049213987080647
-1.4656951671107543, 0.49884054276710355
-0.8212901692572679, 0.2212844519648154
-1.6694038410715601, 0.19336914287321771
-0.7653408355461642, 0.38727444460679233
-1.8555593164074755, 0.48705092474342426
-2.105100363867566, 0.287778835296556
-3.0776517663899186, 0.2423240286001731
-1.1715739310268938, 0.3521941889614196
0.7725221534218307, 0.20165647763584948
-0.5260950677882004, 0.368253750352836
-2.7201846067191178, 0.45137744224580145
-0.293506775624267, 0.38807543063642425
-2.3268221181421054, 0.1772403185640571
-1.4897893374273088, 0.31369486780612355
-2.8023952840528383, 0.33846418114538435
0.5953890976927753, 0.5468261070473712
-1.1679019936511459, 0.4586035108082795
-0.15784013363534172, 0.36046207061905616
-4.273531566871942, 0.500988140527356
-2.1909842777512174, 0.26357525423867045
-2.7446402474225744, 0.333767826831995
-0.30736909839293075, 0.5075686381900646
-0.8969263557618127, 0.5171012036727767
-1.093148919811649, 0.4400873435065194
-2.464031112474318, 0.41741161550510053
-1.0878610737483183, 0.30842984586961864
-2.067156001945827, 0.44247287331467744
0.6860580732653975, 0.28256895953266126
-1.0117774260419838, 0.4244261749136811
-0.5420658776333884, 0.39471391159363056
0.21148320823241312, 0.47976116957891224
-1.8736824345410867, 0.32519530207582814
-1.6476158912612693, 0.43119699078650187
-1.399075699447017, 0.4466251032094377
-0.03208912097351743, 0.27621843587122663
-2.4931488793807484, 0.38401811837792355
-1.715702109339272, 0.527345609642077
-1.0666037957164856, 0.378264626106098
-1.3886414622638734, 0.33644384030868
-1.103641639300267, 0.4127266739654944
0.38450079106855206, 0.33815405877744215
-1.0799869545062952, 0.41135117867367055
-0.5343272063240125, 0.35305526703616275
-0.3864788661781482, 0.36455467641720496
-0.20923488916944866, 0.41229666300280493
-0.831996415822809, 0.5030356251380211
0.6369976375045417, 0.41061793016091325
-2.3297476420656866, 0.5330878860838769
-1.8859444584133853, 0.164985150179779
-1.3456806629436138, 0.32237048527996126
-1.3309145785319592, 0.3909123210530706
-0.5675979261116448, 0.28303933167275525
-2.3844610115672413, 0.24063068032928037
-1.2324088452050457, 0.4288848045342319
-0.6510931990242562, 0.4279107381035915
-2.7170928732198654, 0.39753209719193805
-1.1408767302043783, 0.4066246984359982
-0.7767298756522945, 0.2796968653188154
-1.0719771136964757, 0.3172574793617541
-0.5177683466214291, 0.3558435039970683
-0.24561952063579554, 0.2974743589061787
-3.891640824198036, 0.40281706199618816
-3.0209292730624284, 0.6054141121203827
-1.6732206488324142, 0.3193881969028236
-0.10850162553090748, 0.4308713755370049
-0.5003066170131321, 0.2630519176377075
-1.1890020885507635, 0.501058622340663
-2.1571617024784566, 0.2711735041633856
-0.033652957034583375, 0.38692826658545953
0.9641247828008934, 0.3032565372570405
0.08346799181051495, 0.4171482374925247
-1.699205801563626, 0.36870018162799545
-1.757037016826025, 0.36331218188096004
-1.817055727080843, 0.6626097001121479
-1.2354520868992014, 0.30417625478726806
-1.549362627072095, 0.36281434623269515
-0.8892791055900815, 0.6351602717904397
-2.227836745945683, 0.2534236244199706
-0.003935904073485319, 0.42132483710211566
-1.8208252782171865, 0.2600888429081636
-0.5168720180140924, 0.46957480617473485
-1.0307611118873061, 0.39974458923273065
-1.918404389181163, 0.43307299566060464
-2.4047815113109285, 0.3404078184430127
-0.248018300644338, 0.3907728716460429
-2.6261937184398993, 0.5157970271597341
-2.0260551946141434, 0.14035525774636304
-1.2979768933821634, 0.2039081622838792
-1.170421731973766, 0.40866912266958766
-1.1481394737993431, 0.3016204782566463
-1.0626025692687824, 0.337384188401565
-1.3888662925135216, 0.21764060655067652
-1.417089099443735, 0.2768464784636878
-2.1917676572564098, 0.32763683645883424
-2.8927179221419337, 0.29612340825888306
-1.8326824178975905, 0.28107117448974417
-1.1560120621022698, 0.3249213978396289
-1.9910124270218796, 0.27364297075650734
-1.5487839768934273, 0.5016369134325951
-0.33601242469208537, 0.2674994303779836
-2.31474891769538, 0.5499226200367365
-1.6727376000596565, 0.330168580193001
-1.5010328511373443, 0.2222312520922658
-1.8810069639955689, 0.3058572238809709
-1.6270189719181194, 0.4609510982940678
-0.4240933580422208, 0.4720145507974015
-1.2033305190254113, 0.3831782432263542
-1.2195966351252172, 0.3959078766471418
-0.8336141769935859, 0.4301007840207998
-3.0479268699144053, 0.22297976512181839
-0.49000707891560735, 0.308316432602276
-0.8820388730680424, 0.18384038320471957
-0.6537165808620746, 0.3217246454749755
-0.19137974495340682, 0.4611292026564452
-1.1733707980776458, 0.4388688413622337
-1.0914018123712492, 0.5958324609760302
-2.8957111521835763, 0.38545565648939517
-1.1168568300179942, 0.15142423763109264
-0.30131082675410803, 0.5352482662040072
-2.969011604021842, 0.4970655743296395
-2.6004281802700993, 0.3102119424798855
-1.1360394036038022, 0.38935363676164364
0.14055576140715845, 0.4438392015530556
-0.9210205801910257, 0.4053547766643274
-1.209674917838868, 0.43680005225678326
-1.6417586643343207, 0.3563249473208251
-1.104526712658827, 0.36318006212220116
-1.8090666604555263, 0.3765002895460917
-1.7576926633804213, 0.28872733001682005
-0.11486691413863806, 0.5084282417768182
-0.4177259783623011, 0.3670495672266328
-0.6245134225726021, 0.4352602607942224
-0.8579404419046062, 0.28133638627900526
-1.0452092873011207, 0.25947538118188407
-1.3781205204049691, 0.3582465782652201
1.6634656655433047, 0.33918617300617104
-0.9085545285356532, 0.48636277661572463
-2.608077283590395, 0.42906067498635947
-0.2989308495485145, 0.42035768655301564
-2.2995486304098325, 0.22365105942129337
-1.7161400718975828, 0.270888267792019
-1.3366615013733343, 0.38748610187513133
-1.5481652083989865, 0.3326903327464198
0.19949050747607577, 0.49484885755848496
-1.2810288082344443, 0.5013602251609514
-2.96969616032644, 0.3107494414192933
-1.463953209548881, 0.4549505030786658
-1.4069081946743864, 0.5068564938501431
-0.6314797667330923, 0.3987135160823113
-1.3347288888153115, 0.5296276577576409
-1.5979405363024246, 0.47377937105948376
-1.7920683484154016, 0.3890628286121619
-0.9927933300991221, 0.4546360243213201
-1.1292062742880407, 0.38652732401283496
-3.389392680070969, 0.3277056000152281
0.8927007549376874, 0.4010321784965434
-3.5951038130347373, 0.37307397859285696
-1.7033033635403596, 0.33114022973975643
-2.365550197773154, 0.545353162469416
0.29850087599550257, 0.3878715074994781
-0.7753948140916298, 0.6397877819088194
-1.0876479703270985, 0.3374276145239801
-1.7883587994469488, 0.4240910921496348
0.3046680976781969, 0.5240047869601467
-1.837084798965956, 0.6406842290927837
-0.15280854463916366, 0.39652894195791144
-1.4319170963713588, 0.2883618988691432
-2.0179963744849254, 0.4482893179250398
-1.6928214418544032, 0.2356201307146325
-2.448356999032857, 0.34092441286423925
-2.3717459000570065, 0.3954468808358239
-0.7146374570126708, 0.5156545548470055
-1.622643705316276, 0.5112504724667428
-0.42130241577837424, 0.3636619876469164
-0.04380619281765613, 0.45845981489201676
-2.290554288691045, 0.33604644107483705
-1.36568237755061, 0.4334334940307611
-1.3105749843526768, 0.558776573675903
-2.2767558174047235, 0.3838114093063827
-1.960353195623063, 0.33781509500086937
-1.7159446820084159, 0.3176255315415284
-2.615856118067636, 0.4401593115772062
-2.295379310519337, 0.5018773464102313
-1.6052975293021996, 0.5801015449180034
-0.6753182016974373, 0.3720616902559837
-0.7141152503188339, 0.38299422053350796
-2.557841582201214, 0.30520178630275696
0.2463013503136128, 0.5269984639765954
-1.3412264214167675, 0.3597319939810365
0.5831206784491665, 0.3181559022145968
-2.386000029032557, 0.5866595106675074
-2.227346312965738, 0.44909135164010305
-1.366768387276237, 0.438924448672337
-1.2949391864688569, 0.2666857668631306
1.1206563908484788, 0.40837994227246566
-1.946786795567105, 0.41983785275456653
0.8266486406657523, 0.25602423534787583
0.9535775503927711, 0.34255855614321296
-1.4456790314340688, 0.3268736729561643
-0.41715146051295104, 0.4191985924259669
-1.7772385696722637, 0.26696480380246423
-2.0425317967952985, 0.47685526009489787
-2.2232484681682876, 0.5465480480134975
-0.6745523691037233, 0.3362764195368959
-1.8150359787919028, 0.36682934137132606
-1.466254677336364, 0.4180790609313457
-2.1915885913705573, 0.4883874754479486
-1.901774999375951, 0.42003331028455715
-2.2634816936694895, 0.4078465427377097
-1.2337909254215966, 0.3189013878102775
-1.2184975883352989, 0.34401900793569684
-2.373403925856884, 0.42957562166297625
0.7581287497868011, 0.5335989252872444
-0.8610455813758235, 0.42366861070082856
-0.09520182127668372, 0.24551408346895773
-0.9830567834485053, 0.41025066120102593
-2.014406952876478, 0.3587234982586246
-2.191414640922448, 0.343651060744386
-0.3507591066222123, 0.34444014243637094
-0.8946972090780397, 0.2788914185986489
-1.5027154803680784, 0.33533082927481694
-1.073894398312403, 0.28859357663198726
-1.6675065934751592, 0.33110483342420727
-1.7656023480400522, 0.37938187699922576
-0.4357032866737297, 0.38387131760748916
-1.1888697436861742, 0.3455768659033343
0.7663997600409347, 0.35004739951212044
-2.511016519355345, 0.3717626117895283
-0.7365492349267554, 0.4125399890056859
-0.1617102610909617, 0.4943442918229085
-1.111677090633843, 0.4290785522021294
0.0629367994457811, 0.3372989028673552
-1.3447912051685758, 0.4271191123108987
-0.8050412526942556, 0.34222161585800526
-3.5435978652129325, 0.19131978376099723
-2.504387066105375, 0.1336873708474966
1.1310514676740584, 0.1936167685722469
-1.807054517757377, 0.3439604480934616
0.032395900698661675, 0.3040318801012855
-1.1106886547196884, 0.2950480243570016
-1.5300313182633014, 0.37152758327406277
-2.1134735392445334, 0.3021127089567551
-1.092692793009253, 0.3039959549165718
-2.9418715487806746, 0.4297228880043493
-0.8846702533887991, 0.44508462742381716
-1.692976270810588, 0.6112983121784945
-2.0304470373214616, 0.39818481717978826
-1.4508775929344075, 0.3731578490677384
-2.2466809050063286, 0.31077340793566566
-1.6889375612577449, 0.3480719669446867
-0.5815437726300274, 0.36151469764759936
0.4395257016461888, 0.19003615122766923
-3.2243313818276125, 0.3432817941016455
-0.7610792952205645, 0.44169759936699793
-1.4691628565905668, 0.3103440039933859
-1.9288050290546637, 0.41727151819102126
-1.4792008947942983, 0.4665934449172512
-0.46085761642241674, 0.47417003351693227
-0.8978992386730409, 0.4445494187268429
-1.2409755437944505, 0.14122380183265226
-2.844661310871921, 0.31226813226528427
-0.5047827075032035, 0.45664319485319754
-2.1502980814325934, 0.40750024661012196
-1.674260041419498, 0.36806847692512756
-1.1317858826287595, 0.4107771182554361
-0.3086031719562769, 0.4793214159825582
-1.0815299462605505, 0.38241819444379377
-1.27906877502508, 0.2913626090558674
0.10369971608349941, 0.34791452942382506
-1.557864500682521, 0.346721859006901
-0.5433065896287492, 0.4562038703978497
-1.271404466741913, 0.4084505391705491
-1.701837911679906, 0.4223486857668415
-0.46101218710273023, 0.3812470540774804
-1.0774637085114187, 0.3308076740960242
-1.71572019790771, 0.37372757791141165
0.4701991697063948, 0.3872595951134293
-2.401795567117093, 0.22845146919353354
-3.7901133421103124, 0.38744629815937537
-2.324991463842033, 0.4609283491625187
-1.0499171342115403, 0.3559906990203913
-1.7941833476487117, 0.5249486879877537
-0.32964594503841504, 0.42238584163739457
-3.243574073796453, 0.32700270304003154
-2.3064151719685295, 0.3527602791037884
-2.1530145721317893, 0.3404991221547726
-0.48977911543971664, 0.39059494336087963
-1.6855008658362414, 0.443070436009087
-0.8074151264616635, 0.3375879862508384
-1.0542090021281514, 0.41286077172815533
-0.7955067848002522, 0.5423033132268005
-0.33985998440209964, 0.4594908747714197
-0.45686070676536805, 0.4489825522376659
-1.1558590506431243, 0.28563245044353075
0.33313435468714614, 0.31228943982654744
-1.9732825234362497, 0.39210959271748114
-1.2478941825695098, 0.3571241995569273
-2.0649334610993995, 0.20543644085716273
-1.6354486325901534, 0.2161622079804868
-1.8599038717717267, 0.4703528757949105
0.11736579518665481, 0.2900975329440156
-0.3452243855017675, 0.5741855042744697
-0.9188935651348598, 0.14468552434071547
-1.4752765638814602, 0.4123044992018796
-2.4944211424806553, 0.3683975759224064
-1.0757946051450185, 0.2914111844814371
-2.6271824236316057, 0.40893696697799986
-1.841179840071086, 0.2884090090753274
-2.539686301804161, 0.45438109382797764
-1.492643798156498, 0.3741397356936911
-0.7090212668828006, 0.20275381625978967
0.11548786284211882, 0.12344142075154499
-1.5211728929849566, 0.3391234430819824
-2.184126276347418, 0.4826460597257215
-1.0730766191582517, 0.38515312788019396
-0.8248857288156362, 0.37222053529634413
-1.0569749874277459, 0.43579141335289895
-0.26921686572298836, 0.22693774523047164
-0.872538656058186, 0.5093851098964073
-1.1850280521402317, 0.27774915470749756
-1.4115140273680842, 0.3711380208805518
-1.3019310329577851, 0.3308867682780249
-1.9770328547212888, 0.38279374518478404
-1.4751842665899655, 0.17295599788797977
-3.1795730164096336, 0.5214052870078612
-1.677638099597004, 0.4222105005569552
-3.1699450516800747, 0.5699990344983186
-0.6424254201618649, 0.5083000913140302
-1.892218460559747, 0.3689890886149657
-1.1055200297643268, 0.2731553242934913
-1.966012112148011, 0.1939884400868247
-1.9595840558130786, 0.36953367668342085
0.8203608697454259, 0.38717376519016494
-0.03854526506245956, 0.47064247220290767
0.0752439826966905, 0.27086286339758747
-1.7675027989700038, 0.4471854040923118
-2.835916962951731, 0.375817454680639
-1.038936166241578, 0.2896331007934914
-2.1779426433487097, 0.4454695525883198
-1.9112355678635717, 0.394386719012206
-0.3140661518115178, 0.34280907920634873
-1.763008554752155, 0.5553725649244103
-0.6137298513381522, 0.4275199060587118
-2.881932570953083, 0.35773254881232
-1.3330635408807305, 0.3949830532751114
-3.001683894221781, 0.3774921180231039
-0.9406060514146306, 0.3842619030585489
-1.9550862762612733, 0.41320998581209345
-1.30295060064838, 0.3068947178920264
0.6562045857831487, 0.28570976534442527
-0.3835211308414346, 0.40245047831765246
-1.9780152270904283, 0.556377975299528
-1.3108282509267621, 0.3365747655013464
-0.24704557124027943, 0.2649849437733473
-0.7393270103830039, 0.3428607226238226
-1.6152330245100437, 0.31909592058209946
-0.37269525801835346, 0.3336376722593432
-2.3406472857925857, 0.41578640371205544
-0.7249869477470808, 0.3537071876515541
-3.17458643316136, 0.30961979650506954
-0.2858600980971999, 0.32192044347145654
-1.5649693196376964, 0.23525346372099876
0.1552621473692573, 0.27992713515178735
-0.6421834542940201, 0.22532138831234003
-0.7724810299192706, 0.3151512262626677
-1.7671023292927717, 0.2591862029662496
-2.3078951463449076, 0.29743524249426356
-1.6661767752344316, 0.3374105120908243
-0.992719181647435, 0.24691031021252924
-2.181186432830383, 0.36616225261033153
-2.1644935362418796, 0.4020920063457184
-1.486007730473987, 0.2710721995549382
-1.9368123502486214, 0.4792487140560877
-1.7786102031530642, 0.20904780611098894
-0.37876152796062584, 0.3271999887483679
-2.1253512022630217, 0.21956253560006744
-0.7085126813708217, 0.33222261999558156
-0.7618920880149086, 0.2343495560488285
-1.5427022474046392, 0.3099862349406438
-1.0582477343947265, 0.29294517498745215
-1.2339744722671933, 0.2486854856900635
-1.9612215213526045, 0.16143355965652717
-2.4124584914579392, 0.42484900493291444
-1.1675206092389416, 0.56709870446187
-1.6931493358742804, 0.5899635975452089
-1.1274256168715744, 0.31787001151689476
-1.5952437511977204, 0.3629259211803795
-1.805709310077442, 0.32119225940182783
-0.7488060080796641, 0.37431877092098664
-1.6406690024542234, 0.27570570249065407
-1.9669160862952617, 0.1759256930437778
-1.4580261060938076, 0.36373082622858666
-3.0955892828926403, 0.24641615539617967
-0.7573089902292252, 0.17649318462193325
-0.6284061427448953, 0.6040402869515263
0.3841735475813229, 0.3423279432631541
-2.2761109243912676, 0.4085339519143182
-2.232653098541141, 0.48735005034845824
-1.2859050928904854, 0.19877956277825182
-2.2640703657474615, 0.4094693382222412
-1.5493321494755294, 0.4176505484271953
-1.656488420953175, 0.37588317499997126
-1.478572706964254, 0.3831693753686479
-1.8056998231010144, 0.31496571059873646
-1.467310725927169, 0.4397443502526046
-4.153115023970463, 0.2849571330408005
-0.1990929432515472, 0.28657470877841995
0.48868527258098404, 0.4381059607702793
-0.22484399506524455, 0.5348920590914584
-0.27237771894705054, 0.32764494803094635
-0.9321203013515333, 0.31638602040597025
-1.197178648648915, 0.4079573572313138
-1.1470498678930177, 0.47433258107219567
-1.9069179732230626, 0.46461839545895056
-1.7549021951777106, 0.3946634583546522
-2.1169800620144716, 0.30459349473225106
-3.1438713312885995, 0.4319895742974065
-2.5887969265365616, 0.3605368263504525
-0.0822975198026118, 0.5037983872883464
0.9631359589425601, 0.22430198370009113
-2.2675718529779028, 0.38229325338326825
0.47008242455793736, 0.4945560949192025
-1.4325218981553705, 0.3178578954585459
-1.401248957786084, 0.30484116389263194
-3.5929515668187975, 0.2759865549159153
-1.296487157818837, 0.3393663687091504
-0.8583751649024696, 0.346775988324824
-1.6014723843089183, 0.3811496455408412
-1.6115330116977082, 0.2792191114671697
-1.435704469295072, 0.3756670957725162
-0.7571589699805925, 0.30634399745699026
-0.1431228699423352, 0.32928663398393404
-1.6822742303588993, 0.28382019637505584
-0.022834270459187483, 0.3377998692903783
-0.33316494410064335, 0.7233267600492983
-2.696581939228262, 0.7092930177493295
-0.9466663051604646, 0.48160226377565396
-1.2252833024557996, 0.4459039596404252
-2.2656338537834717, 0.24030422507783067
-1.0656306662414372, 0.30856505710438337
-2.395061277586946, 0.306307421724629
-1.0205689573775207, 0.42051543626525817
-2.3784558480943954, 0.4165093260247269
-1.995028676467601, 0.37877374522521245
-1.1526992058312406, 0.3330734947065401
-0.5000743828544213, 0.2739070808007157
-0.32257545563989054, 0.36686264036382477
-1.0955103910377646, 0.480966103928629
-0.927500344557399, 0.40963106638279584
-0.9569938166129709, 0.3850229232974835
-2.349158013097182, 0.43396489431900076
-1.0679269503299824, 0.42545424214468
-2.509555783291405, 0.20676332012392318
-0.834058147168139, 0.36869048691612766
-2.338320873948644, 0.3256083697573705
-0.8436214725607987, 0.16341036024178518
-1.542340596868998, 0.23463717981126575
-2.3364853316481438, 0.33624466537488096
-0.9516350408207811, 0.44946084087719
-0.9274332218915339, 0.34396814842640483
-3.369065546222865, 0.3953888152869718
-2.316758656342439, 0.27836463184531823
-0.933881243912942, 0.15116950343113672
-2.014608712510479, 0.3773033070049516
-1.0056929242448023, 0.2718541311511355
-2.071473897868186, 0.4852251337789343
-2.7813679708199017, 0.5421547849988855
0.23880247694350207, 0.3286318919484964
-2.394433175858858, 0.4875130935128462
-2.8236127057369957, 0.4640375502053753
-1.4133176662413849, 0.22582781137408015
-3.1119467045353195, 0.36555676458214803
-1.5210293894148565, 0.39356312903557134
-0.12851211567140508, 0.4184431200947858
0.8278740901055051, 0.43292772725708206
-1.0322102422259298, 0.43443222422362726
-2.079126800882022, 0.43580729210752156
-1.6830913891535868, 0.336321551133807
-1.7792019617440729, 0.40559238075442694
-0.7888037721191308, 0.1414763884562748
-1.5097704874763558, 0.25061954741282333
0.27309216187302876, 0.4859637199663319
-0.6056526831238835, 0.3005161039359469
-0.5468610582042277, 0.399291328255138
-1.885289998525256, 0.5186250682917688
-1.35162116005323, 0.2783938995315127
-0.21024306184141048, 0.27029529234440774
-1.35621583034919, 0.31802073267360764
-0.6758263771268769, 0.41076518180045446
-0.6990036678213094, 0.34620632341474744
-2.229955145231303, 0.2703222156176618
-1.4792740797494366, 0.2101038959216588
-1.76406660154911, 0.3306413242457378
-2.2496575282239397, 0.3459890254117286
-1.5460279519810252, 0.31395608242771533
-1.916581850729914, 0.3415660103884751
-2.0487097916908095, 0.2584070227958273
-2.536240685047663, 0.4233595251189757
-1.8417114058291566, 0.15030601331547866
-2.777881387285481, 0.3830543018592749
-1.3882074045375647, 0.43419030261750347
-1.317902430582767, 0.282366226670323
-3.067049784984781, 0.36314707271960023
-0.855943481455596, 0.39600182417973057
-1.3629179717644306, 0.30581564355266644
-2.2855647234928247, 0.36684959414611706
-1.515426509364056, 0.408677947431316
-2.770728754689557, 0.27488328056915434
-2.399715601480369, 0.4518095085450423
-1.6571789658225105, 0.47704410198160496
-0.587951941995987, 0.39870033822803275
-1.9323825780967272, 0.3693936408064543
0.016829939408843378, 0.24955905982250903
-1.6101321180051658, 0.4170150747493434
-2.174204147707788, 0.24646773437968428
-1.5786153635974385, 0.5265748036263491
-2.2452938329066305, 0.42074815972438406
-3.404565637710101, 0.3957105362807749
-2.2896359088483833, 0.32884320718549287
-1.63282429527561, 0.14990670818115326
-2.0074822228947036, 0.24834384381687746
-1.7911294944143452, 0.4042604782055924
-0.05072852062445293, 0.6073177709364797
-0.9491963174545496, 0.44094073358074143
-2.5903353906178674, 0.39946616141118185
-1.3221444694320883, 0.31306746453463163
-1.9481105945245387, 0.3800674170476209
-0.35909379138637937, 0.4625938504225444
-1.4302649336905096, 0.3419857737615455
-1.9658249119522013, 0.5570534135503724
-0.004287428176731792, 0.24400616992123245
-1.7132718572163732, 0.33001367133856996
-1.183836338575773, 0.3723775474803873
-0.42633578582762155, 0.1710320429707385
-1.328091849071055, 0.42381397904154494
0.5306311779167402, 0.3733090607629195
0.7623039297544689, 0.3733833031643142
-0.18868344435114703, 0.4456714549853822
-0.3750518355600898, 0.47074616850698564
-0.19257734856614891, 0.44642876995578135
0.3596984585686902, 0.318804768672472
-1.6538878398180805, 0.3629554150331482
0.22853658532031068, 0.40116028962265493
-1.4760263749644522, 0.24172700161400962
-2.1528215985511356, 0.2644412313005218
-1.3634777297796028, 0.3246162172397764
-1.4588352781176082, 0.3751516510952896
-0.9873569603154719, 0.5460432537048618
0.11706824967040727, 0.44564568776002667
-1.3219077985903542, 0.32301346307236883
-2.3265899485523622, 0.3052457719528937
-3.103827826854811, 0.5223413742388641
-0.9352024790377925, 0.6402331182480079
0.2616513688683652, 0.38252254269429753
-1.5320689030185188, 0.31957435191772365
-1.7420931115450424, 0.22639231591932185
-1.1386432132676632, 0.46458813865561766
-0.21674076382148827, 0.3951968872806538
-3.3899482246028354, 0.48572487532768194
0.9937547535683613, 0.2742210463481718
-0.8556861126503784, 0.39088750493880503
-0.04411969277917388, 0.3006669499779969
-0.729435140497819, 0.49420392633702065
-1.6835658178732007, 0.31250506698122893
-1.503740467259751, 0.35874512836473016
-0.6549826285502995, 0.33185513525835425
-2.1425953764077974, 0.4674488774143444
-1.988046176165113, 0.41072503142038397
-2.013180605992034, 0.26745008442239826
-0.9401117307780759, 0.303634363426558
-2.41436019049127, 0.2636829925705476
-2.0263134949266117, 0.4184543467073819
-3.8744370511897497, 0.40280312358283044
-2.4293349053692253, 0.20473829039703595
-2.5227997122507904, 0.1776676444019405
-1.4186682093492378, 0.36332343962622127
-0.07723726525064209, 0.43581867543349023
-0.9944434201539156, 0.38384068194054566
-0.6080338304366762, 0.2122192628968997
-0.8018619303605677, 0.21159984389981085
-1.9207498241576495, 0.45457250576597874
-0.808912918282814, 0.3522474377978948
-0.4706021424444676, 0.32783962241723774
-0.9562282139830567, 0.4985404248230768
-1.2048683498094606, 0.28750797576315734
-1.7749859877927672, 0.3812466303317781
-0.41300721375685057, 0.4081988097542705
-1.6829315800413058, 0.4496285432439485
-1.4437944667331926, 0.2819347942887096
-2.690027096764064, 0.40423834389516666
-1.152238273483147, 0.6419160708539529
-1.231346170469649, 0.21587741306058672
-0.19428784575925417, 0.40960926774089007
0.019555086433079433, 0.3430281502946876
-1.6762869218134648, 0.28484593336949837
-1.1162731178638716, 0.283867676804655
-1.869417826783954, 0.4175547256376815
-0.4728035740041306, 0.5980332992475591
-3.2742533797124342, 0.28970900131288135
-1.487873865980823, 0.42155047020645187
-2.4127577031649303, 0.31238496413606975
-1.138566141896657, 0.5647371539278798
-1.2031332483409791, 0.42161877891821287
-2.055756800981519, 0.35417486531123876
-1.921394717171105, 0.4298499631580427
-0.24542847360701836, 0.36569802917561517
0.1671132191770488, 0.476588635697793
-0.2678300631699904, 0.34771449979309016
0.04997950750817973, 0.25383823437228636
-1.425243556690387, 0.3919649271459581
-0.9542788605600979, 0.5230219631986037
-0.9977774680914402, 0.24729688265126892
-0.004742850984192165, 0.34179415788532974
-2.1451666296903262, 0.46850654303120254
-1.8052226583299036, 0.17571273104791607
-1.2760217287044153, 0.42980686357269365
-2.3867745363824455, 0.443569433658775
-0.49168575964298983, 0.387834652093255
-1.7804721897155629, 0.29060700550652674
-1.7141086232461724, 0.366923694673856
-1.714925314758807, 0.3769552954919305
-0.6363458346321825, 0.460146076530346
-1.69248926860151, 0.43396646836907504
-0.8508332564259783, 0.33180164972399667
-0.46908223117179704, 0.5284513029588335
-0.1624172709142109, 0.3610912115654156
-2.4035518135538645, 0.286990051329193
-0.5197776942524537, 0.32267182749289247
-1.1926856875956005, 0.45300424170708425
-0.15701209470679878, 0.38569405073423574
-1.0684718611982769, 0.45590800335976817
1.8663694320344182, 0.3712085580472596
-0.27849267462547184, 0.6149725261383234
0.06060102976334765, 0.19940290517347495
-0.3512716314219759, 0.3247563872476467
-1.1524245624939522, 0.358679108759659
-1.0403298245217452, 0.37592838175715787
-3.309948080267511, 0.5147327519533049
-0.7938914288613086, 0.388714590902567
-1.1156632135349103, 0.3555871477780909
0.20364351201845154, 0.3726934509926232
-0.8882291758676925, 0.4420071981737403
-0.02777296136420919, 0.2971125059923633
-1.3959438710260939, 0.41242216107368146
-2.2188708466950438, 0.21161797108663072
-1.7699120235504977, 0.3598187306010957
-0.6651469504950905, 0.2724733749324542
0.2648000174620995, 0.3004928108159525
-2.8256962743485, 0.39693942249795566
-3.415798456894824, 0.2567512840765287
-1.4862691590647292, 0.26852111055375827
-0.3759191162393336, 0.21479164566118125
-2.5636434858345183, 0.1455973129499406
-0.7730395693238769, 0.35159833497836024
-0.8957662861379401, 0.48313567940966884
-2.2520404438240815, 0.34992497678879086
0.01951685201442674, 0.3426137373011289
0.5909716022652044, 0.26079723856877285
-1.7862737306299041, 0.5260432009460113
-1.766441130737135, 0.3427760517307379
-1.4606892287295297, 0.4967619420542728
-1.8623001416826597, 0.4039978617378406
-2.447926586681936, 0.3419802278140175
-2.335985811333002, 0.47640653779193576
-0.797019953137817, 0.46502015515479767
-2.175621900326522, 0.3569039602184555
-1.538795642341276, 0.49711992628690826
-0.85996868973395, 0.5449592711178272
-0.17238071251424386, 0.35962134065858997
-2.0126747159320586, 0.34229488434361666
-1.0120191053668854, 0.40743742301414726
-1.412071004464667, 0.4025542551633854
-0.5726581099659352, 0.44731524542568724
0.18481098327296774, 0.34029738856135655
-1.5371524218780395, 0.43897786039216025
-1.3034271087731315, 0.47206863877546085
-2.564687815601719, 0.38619770649770135
-2.167330172762214, 0.3833774800826386
-2.4190870900420487, 0.24284081368644694
-0.6169100141291655, 0.24932180543857987
-0.4294919852641169, 0.2202816460667744
-0.09671314184341265, 0.24168897286342197
-1.8636812621398877, 0.35230741284945655
-4.15495455042584, 0.20842076167123547
-2.0930490209642625, 0.5925888337123346
-0.5925456002660786, 0.44050895939278323
-2.2025075902304074, 0.16137910328616634
-0.23746144623228982, 0.25079474332264085
0.05878051474346413, 0.3552508330553123
-2.083321980931949, 0.19668930770578597
-0.5878212018700286, 0.3205869603275766
-1.6815756188204296, 0.4767226638085187
-2.7722535139985323, 0.3522512656085084
-1.766753081933794, 0.3609461559255659
-2.2954502015098153, 0.26802056336884206
0.2400640947127858, 0.31023566079632214
-2.027347483051525, 0.23274475926355165
-3.5041641587589014, 0.4057297480707216
-1.9069022825020046, 0.32256059118969804
0.17527204054793186, 0.4441969201853657
-1.1624337979170578, 0.4908595619524244
-0.8656203142673793, 0.47455917779307977
-1.7487544257766046, 0.3641599350927268
-1.7777505466563568, 0.31733382086223794
-1.7712952774955224, 0.24522987159410692
-1.0018877216038942, 0.3788133987854161
-0.766320432520055, 0.4626945081825329
-0.776127205524966, 0.3326584220247661
-2.219298092634681, 0.3507843012850915
0.48738526730063786, 0.427201150534834
-1.1582961367060551, 0.45350841391514235
-1.6362022169607267, 0.22588394191000916
-0.7128953168355738, 0.386686084872351
-1.8429045083469817, 0.3873584684944579
-1.2943737940727138, 0.352124648125928
-0.42730063773624116, 0.4557062505498488
-1.5270979613116131, 0.3309782871396785
-1.097580479892769, 0.2844344974829165
-0.9557856259527882, 0.3945245692248293
-0.6543201744918296, 0.4126182193662585
-1.42716441413791, 0.34561851081560635
0.48052117281401024, 0.4451857330120184
-0.9674877934355355, 0.2151330549990842
-0.8222375203472437, 0.25930792531894653
-0.45406902297894747, 0.05923189065819329
-2.01834360517662, 0.42004521356949776
-0.6315010217278134, 0.2675173707569809
-1.9063769512071205, 0.3424825395640567
-2.341380629645791, 0.4691438980946909
-1.2088092156079087, 0.37225502100226054
-1.6435412197514436, 0.32356090458820597
-2.0053220083690104, 0.2830565716440445
-1.284724664097618, 0.34318832389704595
-1.906554018886823, 0.42812843057487415
-0.1032611452925363, 0.2145004409642873
-2.476138879235576, 0.3615034588188444
-0.37604493274333906, 0.44462278513146136
0.46301814654564516, 0.2235184026102452
-2.750071113794303, 0.43554466943605896
-1.3028919265121153, 0.43556191090308777
-1.8147166741066134, 0.2795342782548017
-1.0025624644549986, 0.2165192558779011
-0.3450587693263044, 0.40966341327364864
1.7073833779252447, 0.44524952642825155
-1.9918947280870456, 0.42581902519619363
-1.078923490339376, 0.4433201064624733
-1.1684460517146933, 0.24890593952805828
-1.771273721233951, 0.4260861115620096
0.05360822412046756, 0.3079776037419762
-0.6362885247994401, 0.3104838020067271
-2.513136750846912, 0.2127788559576127
-1.9634750747184746, 0.477852603800882
-0.08438050431154936, 0.38361306715508087
0.837672638347867, 0.46560000929158507
-0.7942958660933971, 0.5178651345736074
-1.5797896704200347, 0.2537669939810122
-2.308035083862494, 0.4324970076889001
-1.4594238333750666, 0.3661570080946521
-0.24328465569196955, 0.45767813829572396
-1.671770069949425, 0.4783323878029764
-0.19327216902127384, 0.44825585083388714
-0.40479332733819495, 0.2846436752195154
-0.7119569725321783, 0.3540469609568982
-0.13626490627532306, 0.3925686018605887
-1.0944430521670285, 0.6829443049497663
-0.4656160849185037, 0.489120668204856
-1.0797662732009847, 0.5990734836876499
-0.9032269613762942, 0.40832348504947247
-0.9558722052128397, 0.38810418730225427
-0.8620809086390422, 0.42815009454639086
-2.5990456087870215, 0.3156247510017325
-1.9759160845783796, 0.4920357372228641
-1.4247420504265182, 0.35163034531513593
0.10113251890926855, 0.2285697080084464
0.260200904324405, 0.45287037956656184
0.5989261571199066, 0.20860737455224632
-3.97107755405112, 0.18532681865123202
-2.3380635943022394, 0.3970785300145262
-1.6227343203623787, 0.2724197964870577
-0.3915284434101967, 0.27532066849546266
-0.21933202574051996, 0.35003379418787534
-1.913364253408079, 0.31895324701301575
-2.930725760128408, 0.3464722339809787
0.3276847898138261, 0.3929243655268386
-0.9163949686936737, 0.2500264965017133
-1.2815011470926112, 0.2448022936990628
0.6261216247835311, 0.15549175501752976
-2.2069916834710153, 0.32902212553227583
-0.9509606896060819, 0.433346038661859
-3.2779323342638085, 0.29889950148473954
-0.9747418585970993, 0.4170720778218952
-1.7747811109271727, 0.4217573452781963
-0.22316291837013308, 0.46531182044466185
-0.740722483058355, 0.4656584048332696
-0.19702212886861775, 0.2973234634872899
-1.7583264523913964, 0.282014781209581
-2.6675053173573806, 0.37335826208898126
-0.772098758896907, 0.3002645890041913
-1.801943091352585, 0.5129767884872487
-0.8611944383672911, 0.5048183139756779
-1.4678092133188243, 0.3769062128651839
-2.56192000422489, 0.32570291977866006
-1.4859034893430567, 0.4185309311844577
-0.32889789126316704, 0.3007039393201259
-0.5085919133654934, 0.3539978678738426
-1.1958576176872773, 0.3140956553652258
-1.1740028575396517, 0.3776848679636672
-0.49975716865094966, 0.47933083155789835
-1.5462290291530794, 0.44171194165918426
-2.6321307576923196, 0.48283232535742426
-1.1146018139892222, 0.2755979039324062
-1.1610994501422671, 0.3850954602164578
0.8357493035409783, 0.26691057703052945
-0.5911322517506984, 0.40506210133774434
0.027616871957222844, 0.3985673410896812
-0.9793315991123952, 0.49657510155057016
-1.8911619631480223, 0.47773472674918716
-2.888861635551274, 0.43406444295752045
-3.1642233907320287, 0.3184751537315105
-1.2488401373516653, 0.31960261550787483
-1.0456772528194898, 0.16184787374533421
-2.18321846558436, 0.3232140181543408
-1.856008382968267, 0.2125835890926695
-2.130839174954651, 0.46106516944851184
-2.1438403959632457, 0.4581914519457515
0.11464061125515157, 0.3797457737105776
-1.9060848408866, 0.32995598091610234
-1.2741278971399739, 0.38152650108435343
-0.6052771187947291, 0.527093074194256
-0.6719581755542252, 0.5015690468976701
-2.6471872523833406, 0.3236666507676458
-0.5559341639657225, 0.38338908778906744
-0.12896778119338514, 0.25409398299655805
-1.5803178545869292, 0.4075319477952213
-3.3763653837230487, 0.44311681935660485
-1.3911415115920227, 0.45731260820740904
-1.6741415618041025, 0.21441371467357617
-0.4273862012781975, 0.41689152037069793
-3.039974570732242, 0.28249514916424356
-1.4907388957896162, 0.3297665304119827
-1.8957286354841558, 0.44659816457905666
-0.413581608641976, 0.39623480664009747
-2.219710631597057, 0.35170071364016
-1.754784834587759, 0.4283147024102878
-0.20952771984577695, 0.5296706762859631
-1.4054865162960324, 0.30498503145243683
-0.915214823326894, 0.23187184814617445
-1.4750177612557842, 0.25119445630820736
-1.115220292263493, 0.27264492499169984
-1.1758420888718897, 0.3000061306663442
-0.332717438195911, 0.42400933502618804
-1.0425854148021463, 0.15842420061921525
-2.1321579383725875, 0.3916378631270975
-3.110456825080151, 0.29105387699241025
-0.20505680625702352, 0.47616978918414116
-3.743186572473283, 0.2839548091787196
-2.8917231976669338, 0.3695187114002889
-1.534289273454883, 0.2737478317015286
-1.064542255566575, 0.2988631056407423
-0.6670461809683629, 0.3406353689145069
-2.1984530793397035, 0.345251180941903
-0.6711232386585169, 0.3141779068179422
-0.9036900051188237, 0.47970180732236223
-2.2492467907489537, 0.42320256887870467
-1.801451889808737, 0.5531908248557024
-2.262500489505483, 0.3404366974746582
-1.8703122647750876, 0.4743970512470371
-0.9649763788021782, 0.15700644494362542
-0.8517737422219951, 0.4306720026437039
-2.162036292676682, 0.4052387433956314
-0.6945259418740507, 0.3292589705140362
-2.5522428215869373, 0.43791464882777387
-2.1563349091682715, 0.45584046496802477
-1.6533248618993373, 0.47095510510614347
-1.3688808121606555, 0.4093171900841515
-1.7312782173237327, 0.42777716654861286
-4.892443266462197, 0.3032330695170251
-1.2533531624658358, 0.2576831112760186
0.19088553141703962, 0.33908831253175686
-3.2807626195004427, 0.38774858412198054
-1.9754542600667868, 0.4629882464857885
-0.7178446678251256, 0.2876424615299964
-3.9831139625398464, 0.32080569106568846
-1.9163556020640848, 0.6652994637286285
-1.6599366876592123, 0.30534446607555144
-0.5876557952690438, 0.5586067070727917
-0.3006606748482412, 0.4624197336790463
0.4026779158740847, 0.30986741723405475
-0.9427724616801298, 0.3562507915746834
-0.3126027322953111, 0.3448062342628191
-2.013402624604537, 0.4152748141117697
-1.0479205359061217, 0.5035701962251411
-3.134862897413674, 0.20520992768175206
-2.876084167001748, 0.5711437860310338
-1.5295960548342205, 0.4452930260352046
-1.0829648301398838, 0.3121507595379085
-2.517869220860064, 0.35581236156932095
-0.21914629655624465, 0.39618845403181857
